{
    "parent": "from_the_fog:root",
    "display": {
        "icon": {
            "id": "minecraft:paper",
            "components": {
                "minecraft:item_model": "lunareclipse.watching:ui/advancements/haunting/build_shrine"
            },
            "count": 1
        },
        "title": {
            "translate": "advancements.from_the_fog.haunting.build_shrine.title"
        },
        "description": {
            "translate": "advancements.from_the_fog.haunting.build_shrine.description"
        },
        "show_toast": true,
        "announce_to_chat": true,
        "frame": "goal",
        "hidden": false
    },
    "criteria": {
        "requirement": {
            "trigger": "minecraft:impossible"
        }
    },
    "requirements": [
        [
            "requirement"
        ]
    ]
}