{
	"format_version": "1.21.6",
	"credit": "Made by Bret06 using Blockbench",
	"texture_size": [128, 128],
	"textures": {
		"particle": "lunareclipse.watching:item/skins/trench_diver/skin",
		"skin": "lunareclipse.watching:item/skins/trench_diver/skin"
	},
	"elements": [
		{
			"name": "Left Arm",
			"from": [6, -2, 6],
			"to": [10, 5, 10],
			"rotation": {"angle": 0, "axis": "y", "origin": [14, -14, 8]},
			"faces": {
				"north": {"uv": [2.5, 8.5, 3, 9.375], "texture": "#skin"},
				"east": {"uv": [2, 8.5, 2.5, 9.375], "texture": "#skin"},
				"south": {"uv": [3.5, 8.5, 4, 9.375], "texture": "#skin"},
				"west": {"uv": [3, 8.5, 3.5, 9.375], "texture": "#skin"},
				"up": {"uv": [3, 8.5, 2.5, 8], "texture": "#skin"},
				"down": {"uv": [3.5, 8, 3, 8.5], "texture": "#skin"}
			}
		},
		{
			"name": "Left Arm Top",
			"from": [6, 6, 6],
			"to": [10, 10, 10],
			"rotation": {"angle": 0, "axis": "y", "origin": [14, -14, 8]},
			"faces": {
				"north": {"uv": [5.5, 4, 6, 4.5], "texture": "#skin"},
				"east": {"uv": [5, 4, 5.5, 4.5], "texture": "#skin"},
				"south": {"uv": [6.5, 4, 7, 4.5], "texture": "#skin"},
				"west": {"uv": [6, 4, 6.5, 4.5], "texture": "#skin"},
				"up": {"uv": [6, 4, 5.5, 3.5], "texture": "#skin"},
				"down": {"uv": [6.5, 3.5, 6, 4], "texture": "#skin"}
			}
		},
		{
			"name": "Left Arm Layer",
			"from": [5.75, -2.25, 5.75],
			"to": [10.25, 10.25, 10.25],
			"rotation": {"angle": 0, "axis": "y", "origin": [14, -14, 8]},
			"faces": {
				"north": {"uv": [7, 7, 7.5, 8.5], "texture": "#skin"},
				"east": {"uv": [6.5, 7, 7, 8.5], "texture": "#skin"},
				"south": {"uv": [8, 7, 8.5, 8.5], "texture": "#skin"},
				"west": {"uv": [7.5, 7, 8, 8.5], "texture": "#skin"},
				"up": {"uv": [7.5, 7, 7, 6.5], "texture": "#skin"},
				"down": {"uv": [8, 6.5, 7.5, 7], "texture": "#skin"}
			}
		},
		{
			"name": "left_arm_coral",
			"from": [1.999, -2.001, 7.999],
			"to": [6.001, 10.001, 8.001],
			"rotation": {"angle": 0, "axis": "y", "origin": [13, -14, 8]},
			"faces": {
				"north": {"uv": [4, 8.5, 4.5, 10], "texture": "#skin"},
				"east": {"uv": [4, 8.5, 4, 10], "texture": "#skin"},
				"south": {"uv": [4.5, 8.5, 5, 10], "texture": "#skin"},
				"west": {"uv": [4.5, 8.5, 4.5, 10], "texture": "#skin"},
				"up": {"uv": [4.5, 8.5, 4, 8.5], "texture": "#skin"},
				"down": {"uv": [5, 8.5, 4.5, 8.5], "texture": "#skin"}
			}
		},
		{
			"name": "Right Arm Layer inverted",
			"from": [10.25, 10.25, 10.25],
			"to": [5.75, -2.25, 5.75],
			"rotation": {"angle": 0, "axis": "y", "origin": [14, -14, 8]},
			"faces": {
				"north": {"uv": [8, 8.5, 8.5, 7], "texture": "#skin"},
				"east": {"uv": [7.5, 8.5, 8, 7], "texture": "#skin"},
				"south": {"uv": [7, 8.5, 7.5, 7], "texture": "#skin"},
				"west": {"uv": [6.5, 8.5, 7, 7], "texture": "#skin"},
				"up": {"uv": [7.5, 6.5, 8, 7], "texture": "#skin"},
				"down": {"uv": [7, 7, 7.5, 6.5], "texture": "#skin"}
			}
		}
	],
	"groups": [
		{
			"name": "LeftArm",
			"origin": [3, 7, 8],
			"color": 0,
			"children": [0, 1, 2, 3, 4]
		}
	]
}