{
	"format_version": "1.21.6",
	"credit": "Made by Bret06 using Blockbench",
	"texture_size": [128, 128],
	"textures": {
		"particle": "lunareclipse.watching:item/skins/trench_diver/skin",
		"skin": "lunareclipse.watching:item/skins/trench_diver/skin"
	},
	"elements": [
		{
			"name": "Right Leg",
			"from": [6, -3, 6],
			"to": [10, 9, 10],
			"rotation": {"angle": 0, "axis": "y", "origin": [6.1, -3, 8]},
			"faces": {
				"north": {"uv": [7.5, 0.5, 8, 2], "texture": "#skin"},
				"east": {"uv": [7, 0.5, 7.5, 2], "texture": "#skin"},
				"south": {"uv": [8.5, 0.5, 9, 2], "texture": "#skin"},
				"west": {"uv": [8, 0.5, 8.5, 2], "texture": "#skin"},
				"up": {"uv": [8, 0.5, 7.5, 0], "texture": "#skin"},
				"down": {"uv": [8.5, 0, 8, 0.5], "texture": "#skin"}
			}
		},
		{
			"name": "right_leg_coral",
			"from": [9.999, -2.001, 7.999],
			"to": [13.001, 8.001, 8.001],
			"rotation": {"angle": 0, "axis": "y", "origin": [6.1, -3, 8]},
			"faces": {
				"north": {"uv": [0, 0, 0.375, 1.25], "texture": "#skin"},
				"east": {"uv": [0, 0, 0, 1.25], "texture": "#skin"},
				"south": {"uv": [0.375, 0, 0.75, 1.25], "texture": "#skin"},
				"west": {"uv": [0.375, 0, 0.375, 1.25], "texture": "#skin"},
				"up": {"uv": [0.375, 0, 0, 0], "texture": "#skin"},
				"down": {"uv": [0.75, 0, 0.375, 0], "texture": "#skin"}
			}
		}
	],
	"groups": [
		{
			"name": "RightLeg",
			"origin": [9.9, -3, 8],
			"color": 0,
			"children": [0, 1]
		}
	]
}