{
	"format_version": "1.21.6",
	"credit": "Made by Bret06 using Blockbench",
	"texture_size": [64, 64],
	"textures": {
		"skin": "entity/cow/cow_ftf",
		"particle": "entity/cow/cow_ftf"
	},
	"elements": [
		{
			"name": "head",
			"from": [4, 4, 3.95],
			"to": [12, 12, 9.95],
			"rotation": {"angle": 0, "axis": "y", "origin": [8, -12, 17.9]},
			"faces": {
				"north": {"uv": [1.5, 1.5, 3.5, 3.5], "texture": "#skin"},
				"east": {"uv": [0, 1.5, 1.5, 3.5], "texture": "#skin"},
				"south": {"uv": [5, 1.5, 7, 3.5], "texture": "#skin"},
				"west": {"uv": [3.5, 1.5, 5, 3.5], "texture": "#skin"},
				"up": {"uv": [3.5, 1.5, 1.5, 0], "texture": "#skin"},
				"down": {"uv": [5.5, 0, 3.5, 1.5], "texture": "#skin"}
			}
		},
		{
			"name": "mirrored",
			"from": [0, 9, 5],
			"to": [4, 11, 7],
			"rotation": {"angle": 0, "axis": "y", "origin": [8, -12, 18]},
			"faces": {
				"north": {"uv": [8.25, 0.5, 7.25, 1], "texture": "#skin"},
				"east": {"uv": [8.75, 0.5, 8.25, 1], "texture": "#skin"},
				"south": {"uv": [9.75, 0.5, 8.75, 1], "texture": "#skin"},
				"west": {"uv": [7.25, 0.5, 6.75, 1], "texture": "#skin"},
				"up": {"uv": [7.25, 0.5, 8.25, 0], "texture": "#skin"},
				"down": {"uv": [8.25, 0, 9.25, 0.5], "texture": "#skin"}
			}
		},
		{
			"name": "mirrored",
			"from": [0, 11, 5],
			"to": [2, 13, 7],
			"rotation": {"angle": 0, "axis": "y", "origin": [8, -12, 18]},
			"faces": {
				"north": {"uv": [10.75, 0.5, 10.25, 1], "texture": "#skin"},
				"east": {"uv": [11.25, 0.5, 10.75, 1], "texture": "#skin"},
				"south": {"uv": [11.75, 0.5, 11.25, 1], "texture": "#skin"},
				"west": {"uv": [10.25, 0.5, 9.75, 1], "texture": "#skin"},
				"up": {"uv": [10.25, 0.5, 10.75, 0], "texture": "#skin"},
				"down": {"uv": [10.75, 0, 11.25, 0.5], "texture": "#skin"}
			}
		},
		{
			"name": "head",
			"from": [12, 9, 5],
			"to": [16, 11, 7],
			"rotation": {"angle": 0, "axis": "y", "origin": [8, -12, 18]},
			"faces": {
				"north": {"uv": [7.25, 0.5, 8.25, 1], "texture": "#skin"},
				"east": {"uv": [6.75, 0.5, 7.25, 1], "texture": "#skin"},
				"south": {"uv": [8.75, 0.5, 9.75, 1], "texture": "#skin"},
				"west": {"uv": [8.25, 0.5, 8.75, 1], "texture": "#skin"},
				"up": {"uv": [8.25, 0.5, 7.25, 0], "texture": "#skin"},
				"down": {"uv": [9.25, 0, 8.25, 0.5], "texture": "#skin"}
			}
		},
		{
			"name": "head",
			"from": [14, 11, 5],
			"to": [16, 13, 7],
			"rotation": {"angle": 0, "axis": "y", "origin": [8, -12, 18]},
			"faces": {
				"north": {"uv": [10.25, 0.5, 10.75, 1], "texture": "#skin"},
				"east": {"uv": [9.75, 0.5, 10.25, 1], "texture": "#skin"},
				"south": {"uv": [11.25, 0.5, 11.75, 1], "texture": "#skin"},
				"west": {"uv": [10.75, 0.5, 11.25, 1], "texture": "#skin"},
				"up": {"uv": [10.75, 0.5, 10.25, 0], "texture": "#skin"},
				"down": {"uv": [11.25, 0, 10.75, 0.5], "texture": "#skin"}
			}
		},
		{
			"name": "head",
			"from": [5, 4, 3],
			"to": [11, 7, 4],
			"rotation": {"angle": 0, "axis": "y", "origin": [8, -12, 17]},
			"faces": {
				"north": {"uv": [0.5, 8.5, 2, 9.25], "texture": "#skin"},
				"east": {"uv": [0.25, 8.5, 0.5, 9.25], "texture": "#skin"},
				"south": {"uv": [2.25, 8.5, 3.75, 9.25], "texture": "#skin"},
				"west": {"uv": [2, 8.5, 2.25, 9.25], "texture": "#skin"},
				"up": {"uv": [2, 8.5, 0.5, 8.25], "texture": "#skin"},
				"down": {"uv": [3.5, 8.25, 2, 8.5], "texture": "#skin"}
			}
		}
	],
	"groups": [
		{
			"name": "head",
			"origin": [0, 20, -8],
			"color": 0,
			"children": [0, 1, 2, 3, 4, 5]
		}
	]
}