{
	"credit": "Made by Bret06 using Blockbench",
	"texture_size": [64, 64],
	"textures": {
		"skin": "lunareclipse.watching:item/skins/jack_black/skin",
		"particle": "lunareclipse.watching:item/skins/jack_black/skin"
	},
	"elements": [
		{
			"name": "head",
			"from": [4, 8, 4],
			"to": [12, 16, 12],
			"rotation": {"angle": 0, "axis": "y", "origin": [8, -16, 8]},
			"faces": {
				"north": {"uv": [6, 6, 8, 8], "texture": "#skin"},
				"east": {"uv": [6.5, 0, 8.5, 2], "texture": "#skin"},
				"south": {"uv": [0, 7, 2, 9], "texture": "#skin"},
				"west": {"uv": [2, 7.5, 4, 9.5], "texture": "#skin"},
				"up": {"uv": [6, 9.5, 4, 7.5], "texture": "#skin"},
				"down": {"uv": [8, 8, 6, 10], "texture": "#skin"}
			}
		},
		{
			"name": "beard",
			"from": [4, 5, 4],
			"to": [12, 8, 6],
			"rotation": {"angle": 0, "axis": "y", "origin": [8, -16, 8]},
			"faces": {
				"north": {"uv": [6.5, 2, 8.5, 2.75], "texture": "#skin"},
				"east": {"uv": [9.5, 5, 10, 5.75], "texture": "#skin"},
				"south": {"uv": [6, 13, 8, 13.75], "texture": "#skin"},
				"west": {"uv": [14, 12, 14.5, 12.75], "texture": "#skin"},
				"up": {"uv": [15.5, 8.5, 13.5, 8], "texture": "#skin"},
				"down": {"uv": [15.5, 8.5, 13.5, 9], "texture": "#skin"}
			}
		},
		{
			"name": "head_overlay",
			"from": [3.5, 5.5, 3.5],
			"to": [12.5, 16.5, 10.5],
			"rotation": {"angle": 0, "axis": "y", "origin": [8, -16, 8]},
			"faces": {
				"north": {"uv": [0, 3, 2, 5.5], "texture": "#skin"},
				"east": {"uv": [8.5, 0, 10, 2.5], "texture": "#skin"},
				"south": {"uv": [2, 3, 4, 5.5], "texture": "#skin"},
				"west": {"uv": [8.5, 2.5, 10, 5], "texture": "#skin"},
				"up": {"uv": [13, 10.5, 11, 9], "texture": "#skin"},
				"down": {"uv": [13, 10.5, 11, 12], "texture": "#skin"}
			}
		},
		{
			"name": "hair",
			"from": [2, 7, 7],
			"to": [14, 13, 13],
			"rotation": {"angle": 0, "axis": "y", "origin": [8, -16, 8]},
			"faces": {
				"north": {"uv": [0, 5.5, 3, 7], "texture": "#skin"},
				"east": {"uv": [13, 3, 14.5, 4.5], "texture": "#skin"},
				"south": {"uv": [5.5, 3, 8.5, 4.5], "texture": "#skin"},
				"west": {"uv": [13, 4.5, 14.5, 6], "texture": "#skin"},
				"up": {"uv": [8.5, 6, 5.5, 4.5], "texture": "#skin"},
				"down": {"uv": [6, 6, 3, 7.5], "texture": "#skin"}
			}
		},
		{
			"name": "head_overlay inverted",
			"from": [12.5, 16.5, 10.5],
			"to": [3.5, 5.5, 3.5],
			"rotation": {"angle": 0, "axis": "y", "origin": [8, -16, 8]},
			"faces": {
				"north": {"uv": [2, 5.5, 4, 3], "texture": "#skin"},
				"east": {"uv": [8.5, 5, 10, 2.5], "texture": "#skin"},
				"south": {"uv": [0, 5.5, 2, 3], "texture": "#skin"},
				"west": {"uv": [8.5, 2.5, 10, 0], "texture": "#skin"},
				"up": {"uv": [11, 10.5, 13, 12], "texture": "#skin"},
				"down": {"uv": [11, 10.5, 13, 9], "texture": "#skin"}
			}
		},
		{
			"name": "beard inverted",
			"from": [12, 8, 6],
			"to": [4, 5, 4],
			"rotation": {"angle": 0, "axis": "y", "origin": [8, -16, 8]},
			"faces": {
				"north": {"uv": [6, 13.75, 8, 13], "texture": "#skin"},
				"east": {"uv": [14, 12.75, 14.5, 12], "texture": "#skin"},
				"south": {"uv": [6.5, 2.75, 8.5, 2], "texture": "#skin"},
				"west": {"uv": [9.5, 5.75, 10, 5], "texture": "#skin"},
				"up": {"uv": [13.5, 8.5, 15.5, 9], "texture": "#skin"},
				"down": {"uv": [13.5, 8.5, 15.5, 8], "texture": "#skin"}
			}
		}
	],
	"groups": [
		{
			"name": "head",
			"origin": [8, 19, 8],
			"color": 1,
			"children": [0, 1, 2, 3, 4, 5]
		}
	]
}