{
	"credit": "Made by Bret06 using Blockbench",
	"texture_size": [64, 64],
	"textures": {
		"skin": "lunareclipse.watching:item/skins/jack_black/skin",
		"particle": "lunareclipse.watching:item/skins/jack_black/skin"
	},
	"elements": [
		{
			"name": "right_leg",
			"from": [5.9, -3, 6],
			"to": [9.9, 9, 10],
			"rotation": {"angle": 0, "axis": "y", "origin": [6, -3, 8]},
			"faces": {
				"north": {"uv": [11.5, 6, 12.5, 9], "texture": "#skin"},
				"east": {"uv": [0, 12, 1, 15], "texture": "#skin"},
				"south": {"uv": [12, 0, 13, 3], "texture": "#skin"},
				"west": {"uv": [1, 12, 2, 15], "texture": "#skin"},
				"up": {"uv": [7, 14.75, 6, 13.75], "texture": "#skin"},
				"down": {"uv": [8, 13.75, 7, 14.75], "texture": "#skin"}
			}
		},
		{
			"name": "right_overlay",
			"from": [5.65, -3.25, 5.75],
			"to": [10.15, 9.25, 10.25],
			"rotation": {"angle": 0, "axis": "y", "origin": [6, -3, 8]},
			"faces": {
				"north": {"uv": [12, 3, 13, 6], "texture": "#skin"},
				"east": {"uv": [8, 12, 9, 15], "texture": "#skin"},
				"south": {"uv": [9, 12, 10, 15], "texture": "#skin"},
				"west": {"uv": [10, 12, 11, 15], "texture": "#skin"},
				"up": {"uv": [15, 1, 14, 0], "texture": "#skin"},
				"down": {"uv": [15, 1, 14, 2], "texture": "#skin"}
			}
		},
		{
			"name": "left_overlay inverted",
			"from": [10.15, 9.25, 10.25],
			"to": [5.65, -3.25, 5.75],
			"rotation": {"angle": 0, "axis": "y", "origin": [6, -3, 8]},
			"faces": {
				"north": {"uv": [9, 15, 10, 12], "texture": "#skin"},
				"east": {"uv": [10, 15, 11, 12], "texture": "#skin"},
				"south": {"uv": [12, 6, 13, 3], "texture": "#skin"},
				"west": {"uv": [8, 15, 9, 12], "texture": "#skin"},
				"up": {"uv": [14, 1, 15, 2], "texture": "#skin"},
				"down": {"uv": [14, 1, 15, 0], "texture": "#skin"}
			}
		}
	],
	"groups": [
		{
			"name": "right_leg",
			"origin": [9.9, 7, 8],
			"color": 5,
			"children": [0, 1, 2]
		}
	]
}