{
	"format_version": "1.21.6",
	"credit": "Made by Bret06 using Blockbench",
	"texture_size": [64, 64],
	"textures": {
		"skin": "entity/cow/cold_cow",
		"particle": "entity/cow/cold_cow"
	},
	"elements": [
		{
			"name": "head",
			"from": [4, 4, 4],
			"to": [12, 12, 10],
			"rotation": {"angle": 0, "axis": "y", "origin": [8, -12, 18]},
			"faces": {
				"north": {"uv": [1.5, 1.5, 3.5, 3.5], "texture": "#skin"},
				"east": {"uv": [0, 1.5, 1.5, 3.5], "texture": "#skin"},
				"south": {"uv": [5, 1.5, 7, 3.5], "texture": "#skin"},
				"west": {"uv": [3.5, 1.5, 5, 3.5], "texture": "#skin"},
				"up": {"uv": [3.5, 1.5, 1.5, 0], "texture": "#skin"},
				"down": {"uv": [5.5, 0, 3.5, 1.5], "texture": "#skin"}
			}
		},
		{
			"name": "head",
			"from": [2, 10, 2],
			"to": [4, 12, 8],
			"rotation": {"angle": 0, "axis": "x", "origin": [3, 11, 5]},
			"faces": {
				"north": {"uv": [1, 8.5, 0.5, 8], "rotation": 180, "texture": "#skin"},
				"east": {"uv": [0, 8.5, 0.5, 10], "rotation": 90, "texture": "#skin"},
				"south": {"uv": [1.5, 8, 1, 8.5], "texture": "#skin"},
				"west": {"uv": [1, 8.5, 1.5, 10], "rotation": 270, "texture": "#skin"},
				"up": {"uv": [1.5, 8.5, 2, 10], "texture": "#skin"},
				"down": {"uv": [0.5, 8.5, 1, 10], "rotation": 180, "texture": "#skin"}
			}
		},
		{
			"name": "head",
			"from": [12, 10, 2],
			"to": [14, 12, 8],
			"rotation": {"angle": 0, "axis": "x", "origin": [13, 11, 5]},
			"faces": {
				"north": {"uv": [1, 10.5, 0.5, 10], "rotation": 180, "texture": "#skin"},
				"east": {"uv": [0, 10.5, 0.5, 12], "rotation": 90, "texture": "#skin"},
				"south": {"uv": [1.5, 10, 1, 10.5], "texture": "#skin"},
				"west": {"uv": [1, 10.5, 1.5, 12], "rotation": 270, "texture": "#skin"},
				"up": {"uv": [1.5, 10.5, 2, 12], "texture": "#skin"},
				"down": {"uv": [0.5, 10.5, 1, 12], "rotation": 180, "texture": "#skin"}
			}
		},
		{
			"name": "head",
			"from": [5, 4, 3],
			"to": [11, 7, 4],
			"rotation": {"angle": 0, "axis": "y", "origin": [8, -12, 17]},
			"faces": {
				"north": {"uv": [2.5, 8.5, 4, 9.25], "texture": "#skin"},
				"east": {"uv": [2.25, 8.5, 2.5, 9.25], "texture": "#skin"},
				"south": {"uv": [4.25, 8.5, 5.75, 9.25], "texture": "#skin"},
				"west": {"uv": [4, 8.5, 4.25, 9.25], "texture": "#skin"},
				"up": {"uv": [4, 8.5, 2.5, 8.25], "texture": "#skin"},
				"down": {"uv": [5.5, 8.25, 4, 8.5], "texture": "#skin"}
			}
		}
	],
	"groups": [
		{
			"name": "head",
			"origin": [0, 20, -8],
			"color": 0,
			"children": [0, 1, 2, 3]
		}
	]
}