{
    "parent": "from_the_fog:root",
    "display": {
        "icon": {
            "id": "minecraft:paper",
            "components": {
                "minecraft:item_model": "lunareclipse.watching:ui/advancements/structure/find_any_structure"
            },
            "count": 1
        },
        "title": {
            "translate": "advancements.from_the_fog.structure.find_any_structure.title"
        },
        "description": {
            "translate": "advancements.from_the_fog.structure.find_any_structure.description"
        },
        "show_toast": true,
        "announce_to_chat": true,
        "frame": "task",
        "hidden": false
    },
    "criteria": {
        "requirement": {
            "trigger": "minecraft:impossible"
        }
    },
    "requirements": [
        [
            "requirement"
        ]
    ]
}